{
  "n_samples": 299,
  "obi_mean": -0.23137008363019765,
  "obi_std": 0.6678976438310023,
  "mid_first": 76852.64499999999,
  "mid_last": 76840.495,
  "spread_bps_mean": 0.0013015704992923155,
  "horizons": {
    "1": {
      "beta": 1.547307989250099e-05,
      "tstat_HAC5": 4.863595714415854,
      "r2": 0.11571810966810914,
      "n": 298,
      "decile_mean_r_bps": {
        "0": -0.202,
        "1": -0.038,
        "2": -0.072,
        "3": -0.108,
        "4": -0.001,
        "5": 0.0,
        "6": -0.015,
        "7": 0.025,
        "8": 0.073,
        "9": 0.281
      },
      "verdict": "MOMENTUM_SIGNAL"
    },
    "5": {
      "beta": 4.982545286350893e-05,
      "tstat_HAC5": 4.67838509693956,
      "r2": 0.1893547349568765,
      "n": 294,
      "decile_mean_r_bps": {
        "0": -0.373,
        "1": -0.235,
        "2": -0.47,
        "3": -0.335,
        "4": -0.097,
        "5": 0.02,
        "6": -0.054,
        "7": 0.284,
        "8": 0.269,
        "9": 0.684
      },
      "verdict": "MOMENTUM_SIGNAL"
    },
    "15": {
      "beta": 9.305877230753282e-05,
      "tstat_HAC5": 3.638255291749203,
      "r2": 0.18519087063586526,
      "n": 284,
      "decile_mean_r_bps": {
        "0": -0.561,
        "1": -0.527,
        "2": -1.145,
        "3": -0.912,
        "4": -0.045,
        "5": 0.037,
        "6": 0.012,
        "7": 0.015,
        "8": 0.846,
        "9": 1.106
      },
      "verdict": "MOMENTUM_SIGNAL"
    },
    "30": {
      "beta": 5.4849532988655526e-05,
      "tstat_HAC5": 1.298325194814911,
      "r2": 0.029165356995854208,
      "n": 269,
      "decile_mean_r_bps": {
        "0": -0.495,
        "1": -0.551,
        "2": -0.369,
        "3": -0.709,
        "4": -0.488,
        "5": -0.158,
        "6": 0.693,
        "7": -1.631,
        "8": 0.647,
        "9": 0.635
      },
      "verdict": "NO_SIGNAL"
    }
  }
}